English,10:03 PM,11:23 PM
Break,11:23 PM,11:34 PM
German,11:34 PM,02:14 AM
English,10:06 PM,11:33 PM,2024-05-25 22:10:46.032935
Break,11:33 PM,11:44 PM,2024-05-25 22:10:46.032935
Chemistry,11:44 PM,02:17 AM,2024-05-25 22:10:46.032935
English,10:37 PM,12:13 AM,2024-05-25 22:37:43.995268
Break,12:13 AM,12:24 AM,2024-05-25 22:37:43.995268
Economics,12:24 AM,02:48 AM,2024-05-25 22:37:43.995268
English,11:05 PM,12:41 AM,2024-05-25 23:05:50.449473
Break,12:41 AM,12:52 AM,2024-05-25 23:05:50.449473
Business Studies,12:52 AM,03:16 AM,2024-05-25 23:05:50.449473
English,11:09 PM,12:21 AM,2024-05-25 23:09:44.456450
Break,12:21 AM,12:32 AM,2024-05-25 23:09:44.456450
Physics,12:32 AM,02:20 AM,2024-05-25 23:09:44.456450
English,11:23 PM,12:50 AM,2024-05-25 23:23:23.670270
Break,12:50 AM,01:01 AM,2024-05-25 23:23:23.670270
Mathematics,01:01 AM,03:34 AM,2024-05-25 23:23:23.670270
English,11:28 PM,12:55 AM,2024-05-25 23:28:26.121248
Break,12:55 AM,01:06 AM,2024-05-25 23:28:26.121248
Accountancy,01:06 AM,03:39 AM,2024-05-25 23:28:26.121248
English,11:29 PM,12:56 AM,2024-05-25 23:29:35.604906
Break,12:56 AM,01:07 AM,2024-05-25 23:29:35.604906
Kannada,01:07 AM,03:40 AM,2024-05-25 23:29:35.604906
English,12:17 AM,02:06 AM,2024-05-26 00:17:46.109577
Break,02:06 AM,02:18 AM,2024-05-26 00:17:46.109577
Physical Education,02:18 AM,04:29 AM,2024-05-26 00:17:46.109577
English,12:33 AM,01:13 AM,2024-05-26 00:33:35.360996
Break,01:13 AM,01:24 AM,2024-05-26 00:33:35.360996
Accountancy,01:24 AM,02:34 AM,2024-05-26 00:33:35.360996
Break,02:34 AM,02:49 AM,2024-05-26 00:33:35.360996
Haloalkanes,02:49 AM,03:59 AM,2024-05-26 00:33:35.360996
English,12:40 AM,02:07 AM,2024-05-26 00:40:45.276260
Break,02:07 AM,02:18 AM,2024-05-26 00:40:45.276260
Legal Studies,02:18 AM,04:51 AM,2024-05-26 00:40:45.276260
English,12:46 AM,02:13 AM,2024-05-26 00:47:07.566690
Break,02:13 AM,02:24 AM,2024-05-26 00:47:07.566690
Biology,02:24 AM,04:57 AM,2024-05-26 00:47:07.566690
English,01:09 AM,03:27 AM,2024-05-26 01:09:28.862887
Break,03:27 AM,03:41 AM,2024-05-26 01:09:28.862887
Legal Studies,03:41 AM,06:23 AM,2024-05-26 01:09:28.862887
English,01:55 AM,03:02 AM,2024-05-26 01:55:37.017972
Break,03:02 AM,03:11 AM,2024-05-26 01:55:37.017972
Legal Studies,03:11 AM,05:04 AM,2024-05-26 01:55:37.017972
English,02:11 AM,03:31 AM,2024-05-26 02:11:44.883532
Break,03:31 AM,03:42 AM,2024-05-26 02:11:44.883532
Accountancy,03:42 AM,05:22 AM,2024-05-26 02:11:44.883532
English,02:17 AM,03:24 AM,2024-05-26 02:18:00.502376
Break,03:24 AM,03:33 AM,2024-05-26 02:18:00.502376
Economics,03:33 AM,05:26 AM,2024-05-26 02:18:00.502376
English,09:21 AM,10:51 AM,2024-05-26 09:22:00.378097
Break,10:51 AM,11:02 AM,2024-05-26 09:22:00.378097
Chemistry,11:02 AM,12:32 PM,2024-05-26 09:22:00.378097
Haloalkanes,12:31 PM,02:31 PM,2024-05-26 12:31:45.447058
Break,02:31 PM,02:48 PM,2024-05-26 12:31:45.447058
Physical Education,02:48 PM,03:48 PM,2024-05-26 12:31:45.447058
English,12:37 PM,01:45 PM,2024-05-26 12:37:25.920762
Break,01:45 PM,01:56 PM,2024-05-26 12:37:25.920762
Civics,01:56 PM,03:22 PM,2024-05-26 12:37:25.920762
Break,03:22 PM,03:34 PM,2024-05-26 12:37:25.920762
Haloalkanes,03:34 PM,05:00 PM,2024-05-26 12:37:25.920762
German,12:43 PM,02:43 PM,2024-05-26 12:44:04.713863
Break,02:43 PM,02:55 PM,2024-05-26 12:44:04.713863
Haloalkanes,02:55 PM,04:55 PM,2024-05-26 12:44:04.713863
English,01:12 PM,02:42 PM,2024-05-26 13:12:20.525311
Break,02:42 PM,02:53 PM,2024-05-26 13:12:20.525311
Haloalkanes,02:53 PM,04:23 PM,2024-05-26 13:12:20.525311
English,02:05 PM,03:35 PM,2024-05-26 14:05:19.114038
Break,03:35 PM,03:46 PM,2024-05-26 14:05:19.114038
Legal Studies,03:46 PM,05:16 PM,2024-05-26 14:05:19.114038
English,02:05 PM,03:35 PM,2024-05-26 14:05:33.258356
Break,03:35 PM,03:46 PM,2024-05-26 14:05:33.258356
Legal Studies,03:46 PM,05:16 PM,2024-05-26 14:05:33.258356
English,02:08 PM,03:38 PM,2024-05-26 14:08:32.423776
Break,03:38 PM,03:47 PM,2024-05-26 14:08:32.424751
Haloalkanes,03:47 PM,05:17 PM,2024-05-26 14:08:32.424751
English,02:19 PM,04:19 PM,2024-05-26 14:20:03.614051
Break,04:19 PM,04:30 PM,2024-05-26 14:20:03.614051
Haloalkanes,04:30 PM,06:30 PM,2024-05-26 14:20:03.614051
English,02:46 PM,04:06 PM,2024-05-26 14:46:47.870881
Break,04:06 PM,04:17 PM,2024-05-26 14:46:47.870881
Chemistry,04:17 PM,05:37 PM,2024-05-26 14:46:47.870881
Break,05:37 PM,05:48 PM,2024-05-26 14:46:47.870881
Haloalkanes,05:48 PM,07:08 PM,2024-05-26 14:46:47.870881
English,02:49 PM,06:49 PM,2024-05-26 14:49:46.378778
English,03:02 PM,03:47 PM,2024-05-26 15:03:10.970049
Break,03:47 PM,03:58 PM,2024-05-26 15:03:10.970049
Physics,03:58 PM,05:05 PM,2024-05-26 15:03:10.970049
Break,05:05 PM,05:19 PM,2024-05-26 15:03:10.970049
Haloalkanes,05:19 PM,06:27 PM,2024-05-26 15:03:10.970049
Chemistry,09:27 PM,10:27 PM,2024-05-26 21:28:07.477556
Break,10:27 PM,10:39 PM,2024-05-26 21:28:07.477556
Mathematics,10:39 PM,11:39 PM,2024-05-26 21:28:07.477556
Yash,Computer Science,09:41 PM,10:26 PM,2024-05-26 21:41:40.949521
Yash,Break,10:26 PM,10:35 PM,2024-05-26 21:41:40.949521
Yash,Mathematics,10:35 PM,11:50 PM,2024-05-26 21:41:40.949521
Varun,Haloalkanes,10:07 PM,01:07 AM,2024-05-26 22:09:16.814007
Yash,English,10:13 PM,11:43 PM,2024-05-26 22:13:40.910120
Yash,Break,11:43 PM,11:52 PM,2024-05-26 22:13:40.910120
Yash,French,11:52 PM,01:22 AM,2024-05-26 22:13:40.910120
Yash,English,10:17 PM,12:17 AM,2024-05-26 22:17:26.172587
Yash,Break,12:17 AM,12:28 AM,2024-05-26 22:17:26.172587
Yash,Haloalkanes,12:28 AM,02:28 AM,2024-05-26 22:17:26.172587
Yash,English,10:24 PM,12:24 AM,2024-05-26 22:24:44.840591
Yash,Break,12:24 AM,12:36 AM,2024-05-26 22:24:44.840591
Yash,Civics,12:36 AM,02:36 AM,2024-05-26 22:24:44.840591
Yash,English,10:32 PM,12:18 AM,2024-05-26 22:32:23.157917
Yash,Break,12:18 AM,12:29 AM,2024-05-26 22:32:23.157917
Yash,Chemistry,12:29 AM,02:43 AM,2024-05-26 22:32:23.157917
Yash,English,10:43 PM,11:51 PM,2024-05-26 22:44:16.302199
Yash,Break,11:51 PM,12:02 AM,2024-05-26 22:44:16.302199
Yash,Business Studies,12:02 AM,01:28 AM,2024-05-26 22:44:16.302199
Yash,Break,01:28 AM,01:40 AM,2024-05-26 22:44:16.302199
Yash,Haloalkanes,01:40 AM,03:06 AM,2024-05-26 22:44:16.302199
Yash,English,10:58 PM,12:06 AM,2024-05-26 22:58:38.207115
Yash,Break,12:06 AM,12:17 AM,2024-05-26 22:58:38.207115
Yash,Chemistry,12:17 AM,01:43 AM,2024-05-26 22:58:38.207115
Yash,Break,01:43 AM,01:55 AM,2024-05-26 22:58:38.207115
Yash,Haloalkanes,01:55 AM,03:21 AM,2024-05-26 22:58:38.207115
Varun,English,11:01 PM,01:01 AM,2024-05-26 23:01:28.465184
Varun,Break,01:01 AM,01:12 AM,2024-05-26 23:01:28.465184
Varun,Computer Science,01:12 AM,03:12 AM,2024-05-26 23:01:28.465184
Yash,English,07:38 AM,09:14 AM,2024-05-27 07:39:12.430980
Yash,Break,09:14 AM,09:25 AM,2024-05-27 07:39:12.430980
Yash,Haloalkanes,09:25 AM,11:49 AM,2024-05-27 07:39:12.430980
yash1234,English,07:40 AM,09:40 AM,2024-05-27 07:40:49.839024
yash1234,Break,09:40 AM,09:51 AM,2024-05-27 07:40:49.839024
yash1234,Physics,09:51 AM,11:51 AM,2024-05-27 07:40:49.839024
yash1234,Physics,07:40 AM,08:40 AM,2024-05-27 07:41:08.376246
yash1234,Break,08:40 AM,08:51 AM,2024-05-27 07:41:08.376246
yash1234,Physics,08:51 AM,09:51 AM,2024-05-27 07:41:08.376246
yash1234,Break,09:51 AM,10:02 AM,2024-05-27 07:41:08.376246
yash1234,Physics,10:02 AM,11:02 AM,2024-05-27 07:41:08.376246
yash1234,Break,11:02 AM,11:13 AM,2024-05-27 07:41:08.376246
yash1234,Physics,11:13 AM,12:13 PM,2024-05-27 07:41:08.376246
Yash,Mathematics,08:51 PM,10:03 PM,2024-05-27 20:52:02.988272
Yash,Break,10:03 PM,10:17 PM,2024-05-27 20:52:02.988272
Yash,Business Studies,10:17 PM,10:53 PM,2024-05-27 20:52:02.988272
Yash,Break,10:53 PM,11:02 PM,2024-05-27 20:52:02.990427
Yash,Accountancy,11:02 PM,12:14 AM,2024-05-27 20:52:02.990427
Yash,Chemistry,09:00 PM,09:30 PM,2024-05-27 21:01:02.300517
Yash,Break,09:30 PM,09:38 PM,2024-05-27 21:01:02.301984
Yash,Pw chem,09:38 PM,10:53 PM,2024-05-27 21:01:02.301984
Yash,Break,10:53 PM,11:05 PM,2024-05-27 21:01:02.301984
Yash,Pw phy,11:05 PM,12:20 AM,2024-05-27 21:01:02.301984
Yash,English,09:43 PM,10:13 PM,2024-05-28 21:43:54.581453
Yash,Break,10:13 PM,10:22 PM,2024-05-28 21:43:54.581453
Yash,Computer Science,10:22 PM,11:22 PM,2024-05-28 21:43:54.581453
Yash,Break,11:22 PM,11:36 PM,2024-05-28 21:43:54.581453
Yash,Haloalkanes,11:36 PM,01:06 AM,2024-05-28 21:43:54.581453
Yash,English,12:15 AM,01:15 AM,2024-05-30 00:15:33.978410
Yash,Mathematics,05:11 AM,07:11 AM,2024-06-01 05:11:22.049831
idiot,Mathematics,12:39 PM,04:39 PM,2024-08-17 12:41:52.595096
Yash,English,10:14 PM,01:14 AM,2024-08-28 22:14:34.581535
Yash,English,10:50 PM,01:50 AM,2024-08-28 22:50:37.848146
Yash,English,10:53 PM,01:53 AM,2024-08-28 22:53:17.051860
Yash,English,11:16 PM,02:16 AM,2024-08-28 23:16:18.272432
Yash,English,11:20 PM,02:20 AM,2024-08-28 23:20:08.812656
Yash,Physics,11:23 PM,01:23 AM,2024-08-28 23:23:59.599747
Yash,English,11:26 PM,02:26 AM,2024-08-28 23:26:31.315515
Yash,English,11:26 PM,02:26 AM,2024-08-29 00:11:32.605882
